{"cameraMode":{"drawMode":0,"name":"Shaded","section":"Shading Mode"},"sceneLighting":true,"audioPlay":false,"sceneViewState":{"m_AlwaysRefresh":false,"showFog":true,"showSkybox":true,"showFlares":true,"showImageEffects":true,"showParticleSystems":true,"showVisualEffectGraphs":true,"m_FxEnabled":true},"in2DMode":false,"pivot":{"x":5.063222885131836,"y":10.610642433166504,"z":5.8577117919921879},"rotation":{"x":0.038008153438568118,"y":-0.07822535187005997,"z":0.0029158019460737707,"w":0.9963484406471252},"size":5.678926467895508,"orthographic":false}